codigo_alt,entidad,tipo_entidad,depto,anio,clas_gen,clasificacion_ofpuj,total_recaudo
5001,Medellín,Municipio,Antioquia,2024,Ingresos tributarios,Sobretasa ambiental,249439195526
5001,Medellín,Municipio,Antioquia,2024,Ingresos tributarios,Sobretasa ambiental,7328520326
5001,Medellín,Municipio,Antioquia,2024,Ingresos tributarios,Impuesto predial unificado,988020643741
5001,Medellín,Municipio,Antioquia,2024,Ingresos tributarios,Impuesto predial unificado,9980006502
5001,Medellín,Municipio,Antioquia,2024,Ingresos tributarios,Impuesto predial unificado,127504731049
5001,Medellín,Municipio,Antioquia,2024,Ingresos tributarios,Impuesto predial unificado,10257822290
5001,Medellín,Municipio,Antioquia,2024,Ingresos tributarios,Impuesto predial unificado,27132263527
5001,Medellín,Municipio,Antioquia,2024,Ingresos tributarios,Impuesto predial unificado,274063268
5001,Medellín,Municipio,Antioquia,2024,Ingresos tributarios,Sobretasa a la gasolina,75799493759
5001,Medellín,Municipio,Antioquia,2024,Ingresos tributarios,Sobretasa a la gasolina,699281925
5001,Medellín,Municipio,Antioquia,2024,Ingresos tributarios,Sobretasa a la gasolina,69228910589
5001,Medellín,Municipio,Antioquia,2024,Ingresos tributarios,Impuesto de industria y comercio,1163368241386
5001,Medellín,Municipio,Antioquia,2024,Ingresos tributarios,Impuesto de industria y comercio,11751194358
5001,Medellín,Municipio,Antioquia,2024,Ingresos tributarios,Impuesto de industria y comercio,12047839491
5001,Medellín,Municipio,Antioquia,2024,Ingresos tributarios,Impuesto de industria y comercio,60239197456
5001,Medellín,Municipio,Antioquia,2024,Ingresos tributarios,Impuesto complementario de avisos y tableros,106675608470
5001,Medellín,Municipio,Antioquia,2024,Ingresos tributarios,Impuesto complementario de avisos y tableros,1077531399
5001,Medellín,Municipio,Antioquia,2024,Ingresos tributarios,Otros ingresos tributarios,2280916176
5001,Medellín,Municipio,Antioquia,2024,Ingresos tributarios,Otros ingresos tributarios,23039557
5001,Medellín,Municipio,Antioquia,2024,Ingresos tributarios,Otros ingresos tributarios,1790395099
5001,Medellín,Municipio,Antioquia,2024,Ingresos tributarios,Otros ingresos tributarios,18084799
5001,Medellín,Municipio,Antioquia,2024,Ingresos tributarios,Impuesto de delineacion,33671361557
5001,Medellín,Municipio,Antioquia,2024,Ingresos tributarios,Impuesto de delineacion,340114763
5001,Medellín,Municipio,Antioquia,2024,Ingresos tributarios,Otros ingresos tributarios,502777826
5001,Medellín,Municipio,Antioquia,2024,Ingresos tributarios,Otros ingresos tributarios,5078564
5001,Medellín,Municipio,Antioquia,2024,Ingresos tributarios,Otros ingresos tributarios,4570707510
5001,Medellín,Municipio,Antioquia,2024,Ingresos tributarios,Otros ingresos tributarios,21724125686
5001,Medellín,Municipio,Antioquia,2024,Ingresos tributarios,Otros ingresos tributarios,219435613
5001,Medellín,Municipio,Antioquia,2024,Ingresos tributarios,Impuesto de alumbrado publico,117239146587
5001,Medellín,Municipio,Antioquia,2024,Ingresos tributarios,Sobretasa bomberil,12495067928
5001,Medellín,Municipio,Antioquia,2024,Ingresos tributarios,Otros ingresos tributarios,2739052755
5001,Medellín,Municipio,Antioquia,2024,Ingresos tributarios,Otros ingresos tributarios,27667200
5001,Medellín,Municipio,Antioquia,2024,Ingresos tributarios,Otros ingresos tributarios,82603739550
5001,Medellín,Municipio,Antioquia,2024,Ingresos tributarios,Otros ingresos tributarios,62713057009
5001,Medellín,Municipio,Antioquia,2024,Ingresos tributarios,Otros ingresos tributarios,62135236383
5001,Medellín,Municipio,Antioquia,2024,Ingresos tributarios,Tasa prodeporte y recreacion,34778187761
5001,Medellín,Municipio,Antioquia,2024,Ingresos tributarios,Estampillas,9883479333
5001,Medellín,Municipio,Antioquia,2024,Ingresos tributarios,Estampillas,4223081332
5001,Medellín,Municipio,Antioquia,2024,Ingresos tributarios,Estampillas,55527758364
5001,Medellín,Municipio,Antioquia,2024,Ingresos no tributarios,Otros ingresos no tributarios,51495555903
5001,Medellín,Municipio,Antioquia,2024,Ingresos no tributarios,Otros ingresos no tributarios,153413534601
5001,Medellín,Municipio,Antioquia,2024,Ingresos no tributarios,Otros ingresos no tributarios,0
5001,Medellín,Municipio,Antioquia,2024,Ingresos no tributarios,Otros ingresos no tributarios,906568742
5001,Medellín,Municipio,Antioquia,2024,Ingresos no tributarios,Otros ingresos no tributarios,3091414531
5001,Medellín,Municipio,Antioquia,2024,Ingresos no tributarios,Otros ingresos no tributarios,3759986295
5001,Medellín,Municipio,Antioquia,2024,Ingresos no tributarios,Otros ingresos no tributarios,14994092643
5001,Medellín,Municipio,Antioquia,2024,Ingresos no tributarios,Otros ingresos no tributarios,4864428746
5001,Medellín,Municipio,Antioquia,2024,Ingresos no tributarios,Otros ingresos no tributarios,9003482248
5001,Medellín,Municipio,Antioquia,2024,Ingresos no tributarios,Otros ingresos no tributarios,10939007482
5001,Medellín,Municipio,Antioquia,2024,Ingresos no tributarios,Otros ingresos no tributarios,110495025
5001,Medellín,Municipio,Antioquia,2024,Ingresos no tributarios,Otros ingresos no tributarios,6227993420
5001,Medellín,Municipio,Antioquia,2024,Ingresos no tributarios,Otros ingresos no tributarios,4670536133
5001,Medellín,Municipio,Antioquia,2024,Ingresos no tributarios,Otros ingresos no tributarios,8583558
5001,Medellín,Municipio,Antioquia,2024,Ingresos no tributarios,Otros ingresos no tributarios,75102875
5001,Medellín,Municipio,Antioquia,2024,Ingresos no tributarios,Otros ingresos no tributarios,758615
5001,Medellín,Municipio,Antioquia,2024,Ingresos no tributarios,Otros ingresos no tributarios,21244241
5001,Medellín,Municipio,Antioquia,2024,Ingresos no tributarios,Otros ingresos no tributarios,1806607
5001,Medellín,Municipio,Antioquia,2024,Ingresos no tributarios,Otros ingresos no tributarios,178854087
5001,Medellín,Municipio,Antioquia,2024,Ingresos no tributarios,Otros ingresos no tributarios,153545721
5001,Medellín,Municipio,Antioquia,2024,Ingresos no tributarios,Otros ingresos no tributarios,1550967
5001,Medellín,Municipio,Antioquia,2024,Ingresos no tributarios,Otros ingresos no tributarios,27939170550
5001,Medellín,Municipio,Antioquia,2024,Ingresos no tributarios,Otros ingresos no tributarios,31739622586
5001,Medellín,Municipio,Antioquia,2024,Ingresos no tributarios,Otros ingresos no tributarios,320602248
5001,Medellín,Municipio,Antioquia,2024,Ingresos no tributarios,Otros ingresos no tributarios,96379836
5001,Medellín,Municipio,Antioquia,2024,Ingresos no tributarios,Otros ingresos no tributarios,282741100
5001,Medellín,Municipio,Antioquia,2024,Ingresos no tributarios,Otros ingresos no tributarios,791711765
5001,Medellín,Municipio,Antioquia,2024,Ingresos no tributarios,Otros ingresos no tributarios,290852009
5001,Medellín,Municipio,Antioquia,2024,Ingresos no tributarios,Otros ingresos no tributarios,99496498062
5001,Medellín,Municipio,Antioquia,2024,Ingresos no tributarios,Otros ingresos no tributarios,1005015133
5001,Medellín,Municipio,Antioquia,2024,Ingresos no tributarios,Otros ingresos no tributarios,19879355592
5001,Medellín,Municipio,Antioquia,2024,Ingresos no tributarios,Otros ingresos no tributarios,8943204319
5001,Medellín,Municipio,Antioquia,2024,Ingresos no tributarios,Otros ingresos no tributarios,90335398
5001,Medellín,Municipio,Antioquia,2024,Ingresos no tributarios,Otros ingresos no tributarios,84884161
5001,Medellín,Municipio,Antioquia,2024,Ingresos no tributarios,Otros ingresos no tributarios,27042471091
5001,Medellín,Municipio,Antioquia,2024,Ingresos no tributarios,Otros ingresos no tributarios,52562522182
5001,Medellín,Municipio,Antioquia,2024,Ingresos no tributarios,Otros ingresos no tributarios,14924732640
5001,Medellín,Municipio,Antioquia,2024,Ingresos no tributarios,Otros ingresos no tributarios,348312555
5001,Medellín,Municipio,Antioquia,2024,Ingresos no tributarios,Otros ingresos no tributarios,34482942931
5001,Medellín,Municipio,Antioquia,2024,Ingresos no tributarios,Otros ingresos no tributarios,379919567
5001,Medellín,Municipio,Antioquia,2024,Ingresos no tributarios,Otros ingresos no tributarios,150754876
5001,Medellín,Municipio,Antioquia,2024,Ingresos no tributarios,Otros ingresos no tributarios,14736725
5001,Medellín,Municipio,Antioquia,2024,Ingresos no tributarios,Otros ingresos no tributarios,148856
5001,Medellín,Municipio,Antioquia,2024,Sistema general de participaciones,Sistema general de participaciones,1380095385366
5001,Medellín,Municipio,Antioquia,2024,Sistema general de participaciones,Sistema general de participaciones,20117718273
5001,Medellín,Municipio,Antioquia,2024,Sistema general de participaciones,Sistema general de participaciones,25591212445
5001,Medellín,Municipio,Antioquia,2024,Sistema general de participaciones,Sistema general de participaciones,437007845015
5001,Medellín,Municipio,Antioquia,2024,Sistema general de participaciones,Sistema general de participaciones,28712942774
5001,Medellín,Municipio,Antioquia,2024,Sistema general de participaciones,Sistema general de participaciones,10450832574
5001,Medellín,Municipio,Antioquia,2024,Sistema general de participaciones,Sistema general de participaciones,7838124430
5001,Medellín,Municipio,Antioquia,2024,Sistema general de participaciones,Sistema general de participaciones,99282909452
5001,Medellín,Municipio,Antioquia,2024,Sistema general de participaciones,Sistema general de participaciones,5911365544
5001,Medellín,Municipio,Antioquia,2024,Sistema general de participaciones,Sistema general de participaciones,39103015626
5001,Medellín,Municipio,Antioquia,2024,Ingresos no tributarios,Otros ingresos no tributarios,68702745813
5001,Medellín,Municipio,Antioquia,2024,Ingresos no tributarios,Otros ingresos no tributarios,693967129
5001,Medellín,Municipio,Antioquia,2024,Ingresos no tributarios,Otros ingresos no tributarios,0
5001,Medellín,Municipio,Antioquia,2024,Ingresos no tributarios,Otros ingresos no tributarios,19684795243
5001,Medellín,Municipio,Antioquia,2024,Ingresos no tributarios,Otros ingresos no tributarios,9164730400
5001,Medellín,Municipio,Antioquia,2024,Ingresos no tributarios,Otros ingresos no tributarios,535581500
5001,Medellín,Municipio,Antioquia,2024,Ingresos no tributarios,Otros ingresos no tributarios,71664221586
5001,Medellín,Municipio,Antioquia,2024,Ingresos no tributarios,Otros ingresos no tributarios,1129707527
5001,Medellín,Municipio,Antioquia,2024,Ingresos no tributarios,Recursos del sistema de seguridad social integral,771585013290
5001,Medellín,Municipio,Antioquia,2024,Ingresos no tributarios,Recursos del sistema de seguridad social integral,128874820014
5001,Medellín,Municipio,Antioquia,2024,Ingresos no tributarios,Recursos del sistema de seguridad social integral,6267000102
5001,Medellín,Municipio,Antioquia,2024,Ingresos no tributarios,Otros ingresos no tributarios,43908181877
5001,Medellín,Municipio,Antioquia,2024,Recursos de capital,Otros recursos de capital,7237972
5001,Medellín,Municipio,Antioquia,2024,Recursos de capital,Otros recursos de capital,282090360
5001,Medellín,Municipio,Antioquia,2024,Recursos de capital,Excedentes financieros,24050889473
5001,Medellín,Municipio,Antioquia,2024,Recursos de capital,Excedentes financieros,2070904750955
5001,Medellín,Municipio,Antioquia,2024,Recursos de capital,Dividendos y utilidades por otras inversiones de capital,10488247734
5001,Medellín,Municipio,Antioquia,2024,Recursos de capital,Otros recursos de capital,61688006
5001,Medellín,Municipio,Antioquia,2024,Recursos de capital,Otros recursos de capital,23171972043
5001,Medellín,Municipio,Antioquia,2024,Recursos de capital,Otros recursos de capital,3076532
5001,Medellín,Municipio,Antioquia,2024,Recursos de capital,Otros recursos de capital,799895241
5001,Medellín,Municipio,Antioquia,2024,Recursos de capital,Otros recursos de capital,7037594026
5001,Medellín,Municipio,Antioquia,2024,Recursos de capital,Otros recursos de capital,1388564785
5001,Medellín,Municipio,Antioquia,2024,Recursos de capital,Otros recursos de capital,3879006217
5001,Medellín,Municipio,Antioquia,2024,Recursos de capital,Otros recursos de capital,904666829
5001,Medellín,Municipio,Antioquia,2024,Recursos de capital,Otros recursos de capital,2237143927
5001,Medellín,Municipio,Antioquia,2024,Recursos de capital,Otros recursos de capital,178477427
5001,Medellín,Municipio,Antioquia,2024,Recursos de capital,Otros recursos de capital,524264178
5001,Medellín,Municipio,Antioquia,2024,Recursos de capital,Otros recursos de capital,234609429
5001,Medellín,Municipio,Antioquia,2024,Recursos de capital,Otros recursos de capital,210945430297
5001,Medellín,Municipio,Antioquia,2024,Recursos de capital,Otros recursos de capital,729387466
5001,Medellín,Municipio,Antioquia,2024,Recursos de capital,Otros recursos de capital,1000212344
5001,Medellín,Municipio,Antioquia,2024,Recursos de capital,Recursos de crédito,491372098658
5001,Medellín,Municipio,Antioquia,2024,Recursos de capital,Recursos de crédito,75986901342
5001,Medellín,Municipio,Antioquia,2024,Recursos de capital,Otros recursos de capital,1958000000
5001,Medellín,Municipio,Antioquia,2024,Recursos de capital,Otros recursos de capital,14466000
5001,Medellín,Municipio,Antioquia,2024,Recursos de capital,Recursos del balance,26649622
5001,Medellín,Municipio,Antioquia,2024,Recursos de capital,Recursos del balance,7497526285
5001,Medellín,Municipio,Antioquia,2024,Recursos de capital,Recursos del balance,24000431265
5001,Medellín,Municipio,Antioquia,2024,Recursos de capital,Recursos del balance,3457348282
5001,Medellín,Municipio,Antioquia,2024,Recursos de capital,Recursos del balance,55385
5001,Medellín,Municipio,Antioquia,2024,Recursos de capital,Recursos del balance,464892050
5001,Medellín,Municipio,Antioquia,2024,Recursos de capital,Recursos del balance,12179275543
5001,Medellín,Municipio,Antioquia,2024,Recursos de capital,Recursos del balance,315
5001,Medellín,Municipio,Antioquia,2024,Recursos de capital,Recursos del balance,140328457
5001,Medellín,Municipio,Antioquia,2024,Recursos de capital,Recursos del balance,16195154310
5001,Medellín,Municipio,Antioquia,2024,Recursos de capital,Recursos del balance,1412312076
5001,Medellín,Municipio,Antioquia,2024,Recursos de capital,Recursos del balance,3263961794
5001,Medellín,Municipio,Antioquia,2024,Recursos de capital,Recursos del balance,212041333
5001,Medellín,Municipio,Antioquia,2024,Recursos de capital,Recursos del balance,110498138
5001,Medellín,Municipio,Antioquia,2024,Recursos de capital,Recursos del balance,2079988786
5001,Medellín,Municipio,Antioquia,2024,Recursos de capital,Recursos del balance,126764
5001,Medellín,Municipio,Antioquia,2024,Recursos de capital,Recursos del balance,10955648268
5001,Medellín,Municipio,Antioquia,2024,Recursos de capital,Recursos del balance,2895
5001,Medellín,Municipio,Antioquia,2024,Recursos de capital,Recursos del balance,2056679453
5001,Medellín,Municipio,Antioquia,2024,Recursos de capital,Recursos del balance,1311406660
5001,Medellín,Municipio,Antioquia,2024,Recursos de capital,Recursos del balance,24520498708
5001,Medellín,Municipio,Antioquia,2024,Recursos de capital,Recursos del balance,71118179418
5001,Medellín,Municipio,Antioquia,2024,Recursos de capital,Recursos del balance,4579919679
5001,Medellín,Municipio,Antioquia,2024,Recursos de capital,Recursos del balance,105669313349
5001,Medellín,Municipio,Antioquia,2024,Recursos de capital,Recursos del balance,5815654178
5001,Medellín,Municipio,Antioquia,2024,Recursos de capital,Recursos del balance,316530257
5001,Medellín,Municipio,Antioquia,2024,Recursos de capital,Recursos del balance,1498101599
5001,Medellín,Municipio,Antioquia,2024,Recursos de capital,Recursos del balance,27251591023
5001,Medellín,Municipio,Antioquia,2024,Recursos de capital,Recursos del balance,40556958142
5001,Medellín,Municipio,Antioquia,2024,Recursos de capital,Recursos del balance,245473408
5001,Medellín,Municipio,Antioquia,2024,Recursos de capital,Recursos del balance,31478071359
5001,Medellín,Municipio,Antioquia,2024,Recursos de capital,Recursos del balance,818
5001,Medellín,Municipio,Antioquia,2024,Recursos de capital,Recursos del balance,2108286692
5001,Medellín,Municipio,Antioquia,2024,Recursos de capital,Recursos del balance,77784633
5001,Medellín,Municipio,Antioquia,2024,Recursos de capital,Recursos del balance,1644312742
5001,Medellín,Municipio,Antioquia,2024,Recursos de capital,Recursos del balance,9220454315
5001,Medellín,Municipio,Antioquia,2024,Recursos de capital,Recursos del balance,572929312
5001,Medellín,Municipio,Antioquia,2024,Recursos de capital,Recursos del balance,1851698508
5001,Medellín,Municipio,Antioquia,2024,Recursos de capital,Recursos del balance,77390162317
5001,Medellín,Municipio,Antioquia,2024,Recursos de capital,Recursos del balance,15132539143
5001,Medellín,Municipio,Antioquia,2024,Recursos de capital,Recursos del balance,72205229
5001,Medellín,Municipio,Antioquia,2024,Recursos de capital,Recursos del balance,450790341012
5001,Medellín,Municipio,Antioquia,2024,Recursos de capital,Otros recursos de capital,5741453
5001,Medellín,Municipio,Antioquia,2024,Recursos de capital,Otros recursos de capital,158392691
5001,Medellín,Municipio,Antioquia,2024,Recursos de capital,Otros recursos de capital,1055867410
5001,Medellín,Municipio,Antioquia,2024,Recursos de capital,Otros recursos de capital,209038641
5001,Medellín,Municipio,Antioquia,2024,Recursos de capital,Otros recursos de capital,1044679103
5001,Medellín,Municipio,Antioquia,2024,Recursos de capital,Otros recursos de capital,6419273028
5001,Medellín,Municipio,Antioquia,2024,Recursos de capital,Otros recursos de capital,846122730
5001,Medellín,Municipio,Antioquia,2024,Recursos de capital,Otros recursos de capital,1127063941
5001,Medellín,Municipio,Antioquia,2024,Recursos de capital,Otros recursos de capital,47159469
5001,Medellín,Municipio,Antioquia,2024,Recursos de capital,Otros recursos de capital,10253306783
5001,Medellín,Municipio,Antioquia,2024,Recursos de capital,Otros recursos de capital,3367753751
5001,Medellín,Municipio,Antioquia,2024,Recursos de capital,Otros recursos de capital,279845834
5001,Medellín,Municipio,Antioquia,2024,Recursos de capital,Otros recursos de capital,4222150054
5001,Medellín,Municipio,Antioquia,2024,Recursos de capital,Otros recursos de capital,7267737228
5001,Medellín,Municipio,Antioquia,2024,Recursos de capital,Otros recursos de capital,536943540
5001,Medellín,Municipio,Antioquia,2024,Recursos de capital,Otros recursos de capital,13974183127
5001,Medellín,Municipio,Antioquia,2024,Recursos de capital,Otros recursos de capital,7182879903
5001,Medellín,Municipio,Antioquia,2024,Recursos de capital,Otros recursos de capital,4500809761
5001,Medellín,Municipio,Antioquia,2024,Recursos de capital,Otros recursos de capital,2643183132
5001,Medellín,Municipio,Antioquia,2024,Recursos de capital,Otros recursos de capital,361024369
5001,Medellín,Municipio,Antioquia,2024,Recursos de capital,Otros recursos de capital,23518568721
5001,Medellín,Municipio,Antioquia,2024,Recursos de capital,Otros recursos de capital,14722352386
5001,Medellín,Municipio,Antioquia,2024,Recursos de capital,Otros recursos de capital,486357818
5001,Medellín,Municipio,Antioquia,2024,Recursos de capital,Otros recursos de capital,3580102479
5001,Medellín,Municipio,Antioquia,2024,Recursos de capital,Otros recursos de capital,102477505
5001,Medellín,Municipio,Antioquia,2024,Recursos de capital,Otros recursos de capital,3005263015
5001,Medellín,Municipio,Antioquia,2024,Recursos de capital,Otros recursos de capital,4521504325
5001,Medellín,Municipio,Antioquia,2024,Recursos de capital,Otros recursos de capital,2451280994
5001,Medellín,Municipio,Antioquia,2024,Recursos de capital,Otros recursos de capital,417748298
5001,Medellín,Municipio,Antioquia,2024,Recursos de capital,Otros recursos de capital,9125183892
5001,Medellín,Municipio,Antioquia,2024,Recursos de capital,Otros recursos de capital,354272277
8001,Barranquilla,Municipio,Atlántico,2024,Ingresos tributarios,Impuesto predial unificado,91104984639
8001,Barranquilla,Municipio,Atlántico,2024,Ingresos tributarios,Impuesto predial unificado,379533436
8001,Barranquilla,Municipio,Atlántico,2024,Ingresos tributarios,Impuesto predial unificado,3833671
8001,Barranquilla,Municipio,Atlántico,2024,Ingresos tributarios,Impuesto predial unificado,435905239373
8001,Barranquilla,Municipio,Atlántico,2024,Ingresos tributarios,Impuesto predial unificado,4403083225
8001,Barranquilla,Municipio,Atlántico,2024,Ingresos tributarios,Impuesto predial unificado,20456023262
8001,Barranquilla,Municipio,Atlántico,2024,Ingresos tributarios,Impuesto predial unificado,206626498
8001,Barranquilla,Municipio,Atlántico,2024,Ingresos tributarios,Impuesto predial unificado,14078584885
8001,Barranquilla,Municipio,Atlántico,2024,Ingresos tributarios,Impuesto predial unificado,142207928
8001,Barranquilla,Municipio,Atlántico,2024,Ingresos tributarios,Impuesto predial unificado,6026467648
8001,Barranquilla,Municipio,Atlántico,2024,Ingresos tributarios,Impuesto predial unificado,60873411
8001,Barranquilla,Municipio,Atlántico,2024,Ingresos tributarios,Impuesto predial unificado,87330175660
8001,Barranquilla,Municipio,Atlántico,2024,Ingresos tributarios,Impuesto predial unificado,882122986
8001,Barranquilla,Municipio,Atlántico,2024,Ingresos tributarios,Impuesto predial unificado,217734921
8001,Barranquilla,Municipio,Atlántico,2024,Ingresos tributarios,Impuesto predial unificado,2199343
8001,Barranquilla,Municipio,Atlántico,2024,Ingresos tributarios,Otros ingresos tributarios,130980845
8001,Barranquilla,Municipio,Atlántico,2024,Ingresos tributarios,Sobretasa a la gasolina,51799967876
8001,Barranquilla,Municipio,Atlántico,2024,Ingresos tributarios,Sobretasa a la gasolina,12480956711
8001,Barranquilla,Municipio,Atlántico,2024,Ingresos tributarios,Sobretasa a la gasolina,126070270
8001,Barranquilla,Municipio,Atlántico,2024,Ingresos tributarios,Impuesto de industria y comercio,293454798317
8001,Barranquilla,Municipio,Atlántico,2024,Ingresos tributarios,Impuesto de industria y comercio,2964189882
8001,Barranquilla,Municipio,Atlántico,2024,Ingresos tributarios,Impuesto de industria y comercio,117459717708
8001,Barranquilla,Municipio,Atlántico,2024,Ingresos tributarios,Impuesto de industria y comercio,1186461795
8001,Barranquilla,Municipio,Atlántico,2024,Ingresos tributarios,Impuesto de industria y comercio,542121774039
8001,Barranquilla,Municipio,Atlántico,2024,Ingresos tributarios,Impuesto de industria y comercio,5475977516
8001,Barranquilla,Municipio,Atlántico,2024,Ingresos tributarios,Impuesto complementario de avisos y tableros,94655257045
8001,Barranquilla,Municipio,Atlántico,2024,Ingresos tributarios,Impuesto complementario de avisos y tableros,956113707
8001,Barranquilla,Municipio,Atlántico,2024,Ingresos tributarios,Otros ingresos tributarios,630094364
8001,Barranquilla,Municipio,Atlántico,2024,Ingresos tributarios,Impuesto de delineacion,26853283267
8001,Barranquilla,Municipio,Atlántico,2024,Ingresos tributarios,Impuesto de delineacion,271245286
8001,Barranquilla,Municipio,Atlántico,2024,Ingresos tributarios,Otros ingresos tributarios,2295674040
8001,Barranquilla,Municipio,Atlántico,2024,Ingresos tributarios,Otros ingresos tributarios,18815567368
8001,Barranquilla,Municipio,Atlántico,2024,Ingresos tributarios,Impuesto de alumbrado publico,115664905019
8001,Barranquilla,Municipio,Atlántico,2024,Ingresos tributarios,Sobretasa bomberil,27199154826
8001,Barranquilla,Municipio,Atlántico,2024,Ingresos tributarios,Impuesto de transporte por oleoductos y gasoductos,1936597730
8001,Barranquilla,Municipio,Atlántico,2024,Ingresos tributarios,Otros ingresos tributarios,53251784731
8001,Barranquilla,Municipio,Atlántico,2024,Ingresos tributarios,Otros ingresos tributarios,42950390559
8001,Barranquilla,Municipio,Atlántico,2024,Ingresos tributarios,Otros ingresos tributarios,28693719462
8001,Barranquilla,Municipio,Atlántico,2024,Ingresos tributarios,Tasa prodeporte y recreacion,9350621213
8001,Barranquilla,Municipio,Atlántico,2024,Ingresos tributarios,Estampillas,46766391012
8001,Barranquilla,Municipio,Atlántico,2024,Ingresos tributarios,Estampillas,34489573466
8001,Barranquilla,Municipio,Atlántico,2024,Ingresos tributarios,Estampillas,9287945329
8001,Barranquilla,Municipio,Atlántico,2024,Ingresos tributarios,Estampillas,37151781318
8001,Barranquilla,Municipio,Atlántico,2024,Ingresos no tributarios,Otros ingresos no tributarios,232249318
8001,Barranquilla,Municipio,Atlántico,2024,Ingresos no tributarios,Otros ingresos no tributarios,1032165930
8001,Barranquilla,Municipio,Atlántico,2024,Ingresos no tributarios,Otros ingresos no tributarios,21853001014
8001,Barranquilla,Municipio,Atlántico,2024,Ingresos no tributarios,Otros ingresos no tributarios,280339810
8001,Barranquilla,Municipio,Atlántico,2024,Ingresos no tributarios,Otros ingresos no tributarios,8474566263
8001,Barranquilla,Municipio,Atlántico,2024,Ingresos no tributarios,Otros ingresos no tributarios,31284712650
8001,Barranquilla,Municipio,Atlántico,2024,Ingresos no tributarios,Otros ingresos no tributarios,4536258255
8001,Barranquilla,Municipio,Atlántico,2024,Ingresos no tributarios,Otros ingresos no tributarios,4782495929
8001,Barranquilla,Municipio,Atlántico,2024,Ingresos no tributarios,Otros ingresos no tributarios,23359561
8001,Barranquilla,Municipio,Atlántico,2024,Ingresos no tributarios,Otros ingresos no tributarios,2312596507
8001,Barranquilla,Municipio,Atlántico,2024,Ingresos no tributarios,Otros ingresos no tributarios,13062103190
8001,Barranquilla,Municipio,Atlántico,2024,Ingresos no tributarios,Otros ingresos no tributarios,509728633
8001,Barranquilla,Municipio,Atlántico,2024,Ingresos no tributarios,Otros ingresos no tributarios,50463134674
8001,Barranquilla,Municipio,Atlántico,2024,Ingresos no tributarios,Otros ingresos no tributarios,32016685257
8001,Barranquilla,Municipio,Atlántico,2024,Ingresos no tributarios,Otros ingresos no tributarios,16882605978
8001,Barranquilla,Municipio,Atlántico,2024,Ingresos no tributarios,Otros ingresos no tributarios,170531374
8001,Barranquilla,Municipio,Atlántico,2024,Ingresos no tributarios,Otros ingresos no tributarios,778925558
8001,Barranquilla,Municipio,Atlántico,2024,Ingresos no tributarios,Otros ingresos no tributarios,1876350
8001,Barranquilla,Municipio,Atlántico,2024,Ingresos no tributarios,Otros ingresos no tributarios,50976974454
8001,Barranquilla,Municipio,Atlántico,2024,Ingresos no tributarios,Otros ingresos no tributarios,514918934
8001,Barranquilla,Municipio,Atlántico,2024,Ingresos no tributarios,Otros ingresos no tributarios,45414209856
8001,Barranquilla,Municipio,Atlántico,2024,Ingresos no tributarios,Otros ingresos no tributarios,6750705910
8001,Barranquilla,Municipio,Atlántico,2024,Ingresos no tributarios,Otros ingresos no tributarios,4788224880
8001,Barranquilla,Municipio,Atlántico,2024,Ingresos no tributarios,Otros ingresos no tributarios,16852821824
8001,Barranquilla,Municipio,Atlántico,2024,Ingresos no tributarios,Otros ingresos no tributarios,18854202297
8001,Barranquilla,Municipio,Atlántico,2024,Ingresos no tributarios,Otros ingresos no tributarios,190446488
8001,Barranquilla,Municipio,Atlántico,2024,Ingresos no tributarios,Otros ingresos no tributarios,30550000
8001,Barranquilla,Municipio,Atlántico,2024,Ingresos no tributarios,Otros ingresos no tributarios,1566315670
8001,Barranquilla,Municipio,Atlántico,2024,Sistema general de participaciones,Sistema general de participaciones,702078929301
8001,Barranquilla,Municipio,Atlántico,2024,Sistema general de participaciones,Sistema general de participaciones,155356549706
8001,Barranquilla,Municipio,Atlántico,2024,Sistema general de participaciones,Sistema general de participaciones,12820839297
8001,Barranquilla,Municipio,Atlántico,2024,Sistema general de participaciones,Sistema general de participaciones,16140588605
8001,Barranquilla,Municipio,Atlántico,2024,Sistema general de participaciones,Sistema general de participaciones,417131166390
8001,Barranquilla,Municipio,Atlántico,2024,Sistema general de participaciones,Sistema general de participaciones,13904024765
8001,Barranquilla,Municipio,Atlántico,2024,Sistema general de participaciones,Sistema general de participaciones,5509548506
8001,Barranquilla,Municipio,Atlántico,2024,Sistema general de participaciones,Sistema general de participaciones,4132161379
8001,Barranquilla,Municipio,Atlántico,2024,Sistema general de participaciones,Sistema general de participaciones,51620710805
8001,Barranquilla,Municipio,Atlántico,2024,Sistema general de participaciones,Sistema general de participaciones,720000000
8001,Barranquilla,Municipio,Atlántico,2024,Sistema general de participaciones,Sistema general de participaciones,5225452778
8001,Barranquilla,Municipio,Atlántico,2024,Sistema general de participaciones,Sistema general de participaciones,276015910
8001,Barranquilla,Municipio,Atlántico,2024,Sistema general de participaciones,Sistema general de participaciones,2541635931
8001,Barranquilla,Municipio,Atlántico,2024,Sistema general de participaciones,Sistema general de participaciones,38971750945
8001,Barranquilla,Municipio,Atlántico,2024,Sistema general de participaciones,Sistema general de participaciones,847211977
8001,Barranquilla,Municipio,Atlántico,2024,Ingresos no tributarios,Otros ingresos no tributarios,23793491941
8001,Barranquilla,Municipio,Atlántico,2024,Ingresos no tributarios,Otros ingresos no tributarios,240338303
8001,Barranquilla,Municipio,Atlántico,2024,Ingresos no tributarios,Otros ingresos no tributarios,169899820
8001,Barranquilla,Municipio,Atlántico,2024,Ingresos no tributarios,Otros ingresos no tributarios,2364350315
8001,Barranquilla,Municipio,Atlántico,2024,Ingresos no tributarios,Otros ingresos no tributarios,450588010
8001,Barranquilla,Municipio,Atlántico,2024,Ingresos no tributarios,Otros ingresos no tributarios,20322133600
8001,Barranquilla,Municipio,Atlántico,2024,Ingresos no tributarios,Otros ingresos no tributarios,1174814000
8001,Barranquilla,Municipio,Atlántico,2024,Ingresos no tributarios,Otros ingresos no tributarios,3987804593
8001,Barranquilla,Municipio,Atlántico,2024,Ingresos no tributarios,Otros ingresos no tributarios,448645691
8001,Barranquilla,Municipio,Atlántico,2024,Ingresos no tributarios,Otros ingresos no tributarios,68632594
8001,Barranquilla,Municipio,Atlántico,2024,Ingresos no tributarios,Otros ingresos no tributarios,50660252325
8001,Barranquilla,Municipio,Atlántico,2024,Ingresos no tributarios,Recursos del sistema de seguridad social integral,780348413266
8001,Barranquilla,Municipio,Atlántico,2024,Ingresos no tributarios,Recursos del sistema de seguridad social integral,5224615541
8001,Barranquilla,Municipio,Atlántico,2024,Ingresos no tributarios,Recursos del sistema de seguridad social integral,41686647026
8001,Barranquilla,Municipio,Atlántico,2024,Ingresos no tributarios,Recursos del sistema de seguridad social integral,268985102
8001,Barranquilla,Municipio,Atlántico,2024,Ingresos no tributarios,Otros ingresos no tributarios,173600000
8001,Barranquilla,Municipio,Atlántico,2024,Recursos de capital,Otros recursos de capital,4656798922
8001,Barranquilla,Municipio,Atlántico,2024,Recursos de capital,Otros recursos de capital,440412283
8001,Barranquilla,Municipio,Atlántico,2024,Recursos de capital,Otros recursos de capital,3825042
8001,Barranquilla,Municipio,Atlántico,2024,Recursos de capital,Otros recursos de capital,1677069071
8001,Barranquilla,Municipio,Atlántico,2024,Recursos de capital,Otros recursos de capital,9399016789
8001,Barranquilla,Municipio,Atlántico,2024,Recursos de capital,Otros recursos de capital,134009075
8001,Barranquilla,Municipio,Atlántico,2024,Recursos de capital,Otros recursos de capital,565153245
8001,Barranquilla,Municipio,Atlántico,2024,Recursos de capital,Otros recursos de capital,382091
8001,Barranquilla,Municipio,Atlántico,2024,Recursos de capital,Otros recursos de capital,15574
8001,Barranquilla,Municipio,Atlántico,2024,Recursos de capital,Otros recursos de capital,134815
8001,Barranquilla,Municipio,Atlántico,2024,Recursos de capital,Otros recursos de capital,7098831183
8001,Barranquilla,Municipio,Atlántico,2024,Recursos de capital,Otros recursos de capital,474974725
8001,Barranquilla,Municipio,Atlántico,2024,Recursos de capital,Otros recursos de capital,94858905
8001,Barranquilla,Municipio,Atlántico,2024,Recursos de capital,Otros recursos de capital,13827660
8001,Barranquilla,Municipio,Atlántico,2024,Recursos de capital,Otros recursos de capital,408070
8001,Barranquilla,Municipio,Atlántico,2024,Recursos de capital,Recursos de crédito,38250000000
8001,Barranquilla,Municipio,Atlántico,2024,Recursos de capital,Otros recursos de capital,444590045
8001,Barranquilla,Municipio,Atlántico,2024,Recursos de capital,Otros recursos de capital,39430000000
8001,Barranquilla,Municipio,Atlántico,2024,Recursos de capital,Recursos del balance,307165029
8001,Barranquilla,Municipio,Atlántico,2024,Recursos de capital,Recursos del balance,667847479
8001,Barranquilla,Municipio,Atlántico,2024,Recursos de capital,Recursos del balance,104790582547
8001,Barranquilla,Municipio,Atlántico,2024,Recursos de capital,Recursos del balance,33320211882
8001,Barranquilla,Municipio,Atlántico,2024,Recursos de capital,Recursos del balance,386931336
8001,Barranquilla,Municipio,Atlántico,2024,Recursos de capital,Recursos del balance,2071694800
8001,Barranquilla,Municipio,Atlántico,2024,Recursos de capital,Recursos del balance,8912932
8001,Barranquilla,Municipio,Atlántico,2024,Recursos de capital,Recursos del balance,6095085799
8001,Barranquilla,Municipio,Atlántico,2024,Recursos de capital,Recursos del balance,14503072
8001,Barranquilla,Municipio,Atlántico,2024,Recursos de capital,Recursos del balance,272095553
8001,Barranquilla,Municipio,Atlántico,2024,Recursos de capital,Recursos del balance,2065402265
8001,Barranquilla,Municipio,Atlántico,2024,Recursos de capital,Recursos del balance,11623694548
8001,Barranquilla,Municipio,Atlántico,2024,Recursos de capital,Recursos del balance,18558760303
8001,Barranquilla,Municipio,Atlántico,2024,Recursos de capital,Recursos del balance,1084695309
8001,Barranquilla,Municipio,Atlántico,2024,Recursos de capital,Recursos del balance,2307777509
8001,Barranquilla,Municipio,Atlántico,2024,Recursos de capital,Recursos del balance,7269068945
8001,Barranquilla,Municipio,Atlántico,2024,Recursos de capital,Recursos del balance,10835353531
8001,Barranquilla,Municipio,Atlántico,2024,Recursos de capital,Recursos del balance,41780183
8001,Barranquilla,Municipio,Atlántico,2024,Recursos de capital,Recursos del balance,8554148673
8001,Barranquilla,Municipio,Atlántico,2024,Recursos de capital,Recursos del balance,2112159071
8001,Barranquilla,Municipio,Atlántico,2024,Recursos de capital,Recursos del balance,24265871763
8001,Barranquilla,Municipio,Atlántico,2024,Recursos de capital,Recursos del balance,17265314234
8001,Barranquilla,Municipio,Atlántico,2024,Recursos de capital,Recursos del balance,8121123159
8001,Barranquilla,Municipio,Atlántico,2024,Recursos de capital,Recursos del balance,1161149101
8001,Barranquilla,Municipio,Atlántico,2024,Recursos de capital,Recursos del balance,11688303
8001,Barranquilla,Municipio,Atlántico,2024,Recursos de capital,Recursos del balance,33370564
8001,Barranquilla,Municipio,Atlántico,2024,Recursos de capital,Recursos del balance,66041350
8001,Barranquilla,Municipio,Atlántico,2024,Recursos de capital,Recursos del balance,254482222
8001,Barranquilla,Municipio,Atlántico,2024,Recursos de capital,Recursos del balance,8885086244
8001,Barranquilla,Municipio,Atlántico,2024,Recursos de capital,Recursos del balance,8318919323
8001,Barranquilla,Municipio,Atlántico,2024,Recursos de capital,Recursos del balance,532630409
8001,Barranquilla,Municipio,Atlántico,2024,Recursos de capital,Recursos del balance,111965425
8001,Barranquilla,Municipio,Atlántico,2024,Recursos de capital,Recursos del balance,299506399
8001,Barranquilla,Municipio,Atlántico,2024,Recursos de capital,Recursos del balance,122741940615
8001,Barranquilla,Municipio,Atlántico,2024,Recursos de capital,Recursos del balance,716658301
8001,Barranquilla,Municipio,Atlántico,2024,Recursos de capital,Recursos del balance,338438655
8001,Barranquilla,Municipio,Atlántico,2024,Recursos de capital,Recursos del balance,422234659
8001,Barranquilla,Municipio,Atlántico,2024,Recursos de capital,Recursos del balance,7399461
8001,Barranquilla,Municipio,Atlántico,2024,Recursos de capital,Recursos del balance,3372909230
8001,Barranquilla,Municipio,Atlántico,2024,Recursos de capital,Recursos del balance,3618045105
8001,Barranquilla,Municipio,Atlántico,2024,Recursos de capital,Recursos del balance,1900780556
8001,Barranquilla,Municipio,Atlántico,2024,Recursos de capital,Recursos del balance,989966213
8001,Barranquilla,Municipio,Atlántico,2024,Recursos de capital,Recursos del balance,27484082421
8001,Barranquilla,Municipio,Atlántico,2024,Recursos de capital,Recursos del balance,80459958
8001,Barranquilla,Municipio,Atlántico,2024,Recursos de capital,Recursos del balance,2631258293
8001,Barranquilla,Municipio,Atlántico,2024,Recursos de capital,Recursos del balance,7678620
8001,Barranquilla,Municipio,Atlántico,2024,Recursos de capital,Recursos del balance,823862626
8001,Barranquilla,Municipio,Atlántico,2024,Recursos de capital,Recursos del balance,250769038
8001,Barranquilla,Municipio,Atlántico,2024,Recursos de capital,Recursos del balance,35926638
8001,Barranquilla,Municipio,Atlántico,2024,Recursos de capital,Otros recursos de capital,31335964820
8001,Barranquilla,Municipio,Atlántico,2024,Recursos de capital,Otros recursos de capital,3198914064
8001,Barranquilla,Municipio,Atlántico,2024,Recursos de capital,Otros recursos de capital,14586155698
76001,Cali,Municipio,Valle del Cauca,2024,Ingresos tributarios,Sobretasa ambiental,99117631262
76001,Cali,Municipio,Valle del Cauca,2024,Ingresos tributarios,Sobretasa ambiental,177816852
76001,Cali,Municipio,Valle del Cauca,2024,Ingresos tributarios,Impuesto predial unificado,719710520390
76001,Cali,Municipio,Valle del Cauca,2024,Ingresos tributarios,Impuesto predial unificado,8430673328
76001,Cali,Municipio,Valle del Cauca,2024,Ingresos tributarios,Impuesto predial unificado,60332000
76001,Cali,Municipio,Valle del Cauca,2024,Ingresos tributarios,Impuesto predial unificado,20979239451
76001,Cali,Municipio,Valle del Cauca,2024,Ingresos tributarios,Impuesto predial unificado,6332781485
76001,Cali,Municipio,Valle del Cauca,2024,Ingresos tributarios,Impuesto predial unificado,7491350231
76001,Cali,Municipio,Valle del Cauca,2024,Ingresos tributarios,Impuesto predial unificado,465721999
76001,Cali,Municipio,Valle del Cauca,2024,Ingresos tributarios,Impuesto predial unificado,136607000
76001,Cali,Municipio,Valle del Cauca,2024,Ingresos tributarios,Impuesto predial unificado,1457200693
76001,Cali,Municipio,Valle del Cauca,2024,Ingresos tributarios,Impuesto predial unificado,1035381692
76001,Cali,Municipio,Valle del Cauca,2024,Ingresos tributarios,Impuesto predial unificado,304807461
76001,Cali,Municipio,Valle del Cauca,2024,Ingresos tributarios,Impuesto predial unificado,91159000
76001,Cali,Municipio,Valle del Cauca,2024,Ingresos tributarios,Impuesto predial unificado,6016811920
76001,Cali,Municipio,Valle del Cauca,2024,Ingresos tributarios,Impuesto predial unificado,2496116
76001,Cali,Municipio,Valle del Cauca,2024,Ingresos tributarios,Impuesto predial unificado,247115322
76001,Cali,Municipio,Valle del Cauca,2024,Ingresos tributarios,Sobretasa a la gasolina,120961842917
76001,Cali,Municipio,Valle del Cauca,2024,Ingresos tributarios,Impuesto de industria y comercio,383689383550
76001,Cali,Municipio,Valle del Cauca,2024,Ingresos tributarios,Impuesto de industria y comercio,3764539229
76001,Cali,Municipio,Valle del Cauca,2024,Ingresos tributarios,Impuesto de industria y comercio,66521380686
76001,Cali,Municipio,Valle del Cauca,2024,Ingresos tributarios,Impuesto de industria y comercio,671933138
76001,Cali,Municipio,Valle del Cauca,2024,Ingresos tributarios,Impuesto de industria y comercio,420928569286
76001,Cali,Municipio,Valle del Cauca,2024,Ingresos tributarios,Impuesto de industria y comercio,4251803731
76001,Cali,Municipio,Valle del Cauca,2024,Ingresos tributarios,Impuesto complementario de avisos y tableros,93117696444
76001,Cali,Municipio,Valle del Cauca,2024,Ingresos tributarios,Impuesto complementario de avisos y tableros,940582792
76001,Cali,Municipio,Valle del Cauca,2024,Ingresos tributarios,Otros ingresos tributarios,1191158429
76001,Cali,Municipio,Valle del Cauca,2024,Ingresos tributarios,Otros ingresos tributarios,12031904
76001,Cali,Municipio,Valle del Cauca,2024,Ingresos tributarios,Otros ingresos tributarios,5144469622
76001,Cali,Municipio,Valle del Cauca,2024,Ingresos tributarios,Impuesto de delineacion,16403406891
76001,Cali,Municipio,Valle del Cauca,2024,Ingresos tributarios,Impuesto de delineacion,165690977
76001,Cali,Municipio,Valle del Cauca,2024,Ingresos tributarios,Otros ingresos tributarios,1637083072
76001,Cali,Municipio,Valle del Cauca,2024,Ingresos tributarios,Impuesto de alumbrado publico,249133452886
76001,Cali,Municipio,Valle del Cauca,2024,Ingresos tributarios,Sobretasa bomberil,28888322707
76001,Cali,Municipio,Valle del Cauca,2024,Ingresos tributarios,Impuesto de transporte por oleoductos y gasoductos,184044
76001,Cali,Municipio,Valle del Cauca,2024,Ingresos tributarios,Otros ingresos tributarios,794339370
76001,Cali,Municipio,Valle del Cauca,2024,Ingresos tributarios,Otros ingresos tributarios,8023630
76001,Cali,Municipio,Valle del Cauca,2024,Ingresos tributarios,Otros ingresos tributarios,1471717577
76001,Cali,Municipio,Valle del Cauca,2024,Ingresos tributarios,Otros ingresos tributarios,2439500600
76001,Cali,Municipio,Valle del Cauca,2024,Ingresos tributarios,Tasa prodeporte y recreacion,31822666162
76001,Cali,Municipio,Valle del Cauca,2024,Ingresos tributarios,Estampillas,33899956412
76001,Cali,Municipio,Valle del Cauca,2024,Ingresos tributarios,Estampillas,46604120591
76001,Cali,Municipio,Valle del Cauca,2024,Ingresos tributarios,Estampillas,40106000
76001,Cali,Municipio,Valle del Cauca,2024,Ingresos tributarios,Estampillas,64893000
76001,Cali,Municipio,Valle del Cauca,2024,Ingresos tributarios,Estampillas,1265424927
76001,Cali,Municipio,Valle del Cauca,2024,Ingresos tributarios,Estampillas,1883632529
76001,Cali,Municipio,Valle del Cauca,2024,Ingresos tributarios,Estampillas,1108990000
76001,Cali,Municipio,Valle del Cauca,2024,Ingresos tributarios,Estampillas,102526347
76001,Cali,Municipio,Valle del Cauca,2024,Ingresos tributarios,Estampillas,74647398
76001,Cali,Municipio,Valle del Cauca,2024,Ingresos tributarios,Estampillas,546144500
76001,Cali,Municipio,Valle del Cauca,2024,Ingresos tributarios,Estampillas,23539500
76001,Cali,Municipio,Valle del Cauca,2024,Ingresos tributarios,Estampillas,105975000
76001,Cali,Municipio,Valle del Cauca,2024,Ingresos tributarios,Estampillas,5635344441
76001,Cali,Municipio,Valle del Cauca,2024,Ingresos tributarios,Estampillas,261364930
76001,Cali,Municipio,Valle del Cauca,2024,Ingresos tributarios,Estampillas,97680442486
76001,Cali,Municipio,Valle del Cauca,2024,Ingresos tributarios,Estampillas,871458255
76001,Cali,Municipio,Valle del Cauca,2024,Ingresos no tributarios,Otros ingresos no tributarios,19492821
76001,Cali,Municipio,Valle del Cauca,2024,Ingresos no tributarios,Otros ingresos no tributarios,21218532
76001,Cali,Municipio,Valle del Cauca,2024,Ingresos no tributarios,Otros ingresos no tributarios,14602456
76001,Cali,Municipio,Valle del Cauca,2024,Ingresos no tributarios,Otros ingresos no tributarios,49226275
76001,Cali,Municipio,Valle del Cauca,2024,Ingresos no tributarios,Otros ingresos no tributarios,12001913
76001,Cali,Municipio,Valle del Cauca,2024,Ingresos no tributarios,Otros ingresos no tributarios,12694719016
76001,Cali,Municipio,Valle del Cauca,2024,Ingresos no tributarios,Otros ingresos no tributarios,2518190
76001,Cali,Municipio,Valle del Cauca,2024,Ingresos no tributarios,Otros ingresos no tributarios,1759709
76001,Cali,Municipio,Valle del Cauca,2024,Ingresos no tributarios,Otros ingresos no tributarios,105788970
76001,Cali,Municipio,Valle del Cauca,2024,Ingresos no tributarios,Otros ingresos no tributarios,32704877
76001,Cali,Municipio,Valle del Cauca,2024,Ingresos no tributarios,Otros ingresos no tributarios,115018075
76001,Cali,Municipio,Valle del Cauca,2024,Ingresos no tributarios,Otros ingresos no tributarios,340275821
76001,Cali,Municipio,Valle del Cauca,2024,Ingresos no tributarios,Otros ingresos no tributarios,242454350
76001,Cali,Municipio,Valle del Cauca,2024,Ingresos no tributarios,Otros ingresos no tributarios,75032
76001,Cali,Municipio,Valle del Cauca,2024,Ingresos no tributarios,Otros ingresos no tributarios,2410995
76001,Cali,Municipio,Valle del Cauca,2024,Ingresos no tributarios,Otros ingresos no tributarios,977467296
76001,Cali,Municipio,Valle del Cauca,2024,Ingresos no tributarios,Otros ingresos no tributarios,24137731528
76001,Cali,Municipio,Valle del Cauca,2024,Ingresos no tributarios,Otros ingresos no tributarios,8450446000
76001,Cali,Municipio,Valle del Cauca,2024,Ingresos no tributarios,Otros ingresos no tributarios,32878891
76001,Cali,Municipio,Valle del Cauca,2024,Ingresos no tributarios,Otros ingresos no tributarios,556050908
76001,Cali,Municipio,Valle del Cauca,2024,Ingresos no tributarios,Otros ingresos no tributarios,6046332700
76001,Cali,Municipio,Valle del Cauca,2024,Ingresos no tributarios,Otros ingresos no tributarios,5201987335
76001,Cali,Municipio,Valle del Cauca,2024,Ingresos no tributarios,Otros ingresos no tributarios,965424722
76001,Cali,Municipio,Valle del Cauca,2024,Ingresos no tributarios,Otros ingresos no tributarios,85758826
76001,Cali,Municipio,Valle del Cauca,2024,Ingresos no tributarios,Otros ingresos no tributarios,198903678
76001,Cali,Municipio,Valle del Cauca,2024,Ingresos no tributarios,Otros ingresos no tributarios,104706212
76001,Cali,Municipio,Valle del Cauca,2024,Ingresos no tributarios,Otros ingresos no tributarios,1057639
76001,Cali,Municipio,Valle del Cauca,2024,Ingresos no tributarios,Otros ingresos no tributarios,8125964668
76001,Cali,Municipio,Valle del Cauca,2024,Ingresos no tributarios,Otros ingresos no tributarios,194456089
76001,Cali,Municipio,Valle del Cauca,2024,Ingresos no tributarios,Otros ingresos no tributarios,16371366459
76001,Cali,Municipio,Valle del Cauca,2024,Ingresos no tributarios,Otros ingresos no tributarios,250632360
76001,Cali,Municipio,Valle del Cauca,2024,Ingresos no tributarios,Otros ingresos no tributarios,2531640
76001,Cali,Municipio,Valle del Cauca,2024,Ingresos no tributarios,Otros ingresos no tributarios,15737830566
76001,Cali,Municipio,Valle del Cauca,2024,Ingresos no tributarios,Otros ingresos no tributarios,5645744601
76001,Cali,Municipio,Valle del Cauca,2024,Ingresos no tributarios,Otros ingresos no tributarios,572182000
76001,Cali,Municipio,Valle del Cauca,2024,Ingresos no tributarios,Otros ingresos no tributarios,2000
76001,Cali,Municipio,Valle del Cauca,2024,Ingresos no tributarios,Otros ingresos no tributarios,1583551267
76001,Cali,Municipio,Valle del Cauca,2024,Ingresos no tributarios,Otros ingresos no tributarios,15995466
76001,Cali,Municipio,Valle del Cauca,2024,Ingresos no tributarios,Otros ingresos no tributarios,5333848
76001,Cali,Municipio,Valle del Cauca,2024,Ingresos no tributarios,Otros ingresos no tributarios,53877
76001,Cali,Municipio,Valle del Cauca,2024,Ingresos no tributarios,Otros ingresos no tributarios,10079271
76001,Cali,Municipio,Valle del Cauca,2024,Ingresos no tributarios,Otros ingresos no tributarios,6662000
76001,Cali,Municipio,Valle del Cauca,2024,Ingresos no tributarios,Otros ingresos no tributarios,101810
76001,Cali,Municipio,Valle del Cauca,2024,Ingresos no tributarios,Otros ingresos no tributarios,133973344
76001,Cali,Municipio,Valle del Cauca,2024,Ingresos no tributarios,Otros ingresos no tributarios,1353266
76001,Cali,Municipio,Valle del Cauca,2024,Ingresos no tributarios,Otros ingresos no tributarios,71832546366
76001,Cali,Municipio,Valle del Cauca,2024,Ingresos no tributarios,Otros ingresos no tributarios,8355398619
76001,Cali,Municipio,Valle del Cauca,2024,Ingresos no tributarios,Otros ingresos no tributarios,105119361
76001,Cali,Municipio,Valle del Cauca,2024,Ingresos no tributarios,Otros ingresos no tributarios,129417584
76001,Cali,Municipio,Valle del Cauca,2024,Ingresos no tributarios,Otros ingresos no tributarios,235000
76001,Cali,Municipio,Valle del Cauca,2024,Ingresos no tributarios,Otros ingresos no tributarios,84397963
76001,Cali,Municipio,Valle del Cauca,2024,Ingresos no tributarios,Otros ingresos no tributarios,34272000
76001,Cali,Municipio,Valle del Cauca,2024,Ingresos no tributarios,Otros ingresos no tributarios,2708403241
76001,Cali,Municipio,Valle del Cauca,2024,Ingresos no tributarios,Otros ingresos no tributarios,48871369
76001,Cali,Municipio,Valle del Cauca,2024,Ingresos no tributarios,Otros ingresos no tributarios,1733398
76001,Cali,Municipio,Valle del Cauca,2024,Ingresos no tributarios,Otros ingresos no tributarios,52359368933
76001,Cali,Municipio,Valle del Cauca,2024,Ingresos no tributarios,Otros ingresos no tributarios,6703544450
76001,Cali,Municipio,Valle del Cauca,2024,Ingresos no tributarios,Otros ingresos no tributarios,508488452
76001,Cali,Municipio,Valle del Cauca,2024,Ingresos no tributarios,Otros ingresos no tributarios,131563331
76001,Cali,Municipio,Valle del Cauca,2024,Ingresos no tributarios,Otros ingresos no tributarios,1060124
76001,Cali,Municipio,Valle del Cauca,2024,Ingresos no tributarios,Otros ingresos no tributarios,1649112330
76001,Cali,Municipio,Valle del Cauca,2024,Ingresos no tributarios,Otros ingresos no tributarios,2886509
76001,Cali,Municipio,Valle del Cauca,2024,Ingresos no tributarios,Otros ingresos no tributarios,3748705946
76001,Cali,Municipio,Valle del Cauca,2024,Ingresos no tributarios,Otros ingresos no tributarios,205586793
76001,Cali,Municipio,Valle del Cauca,2024,Ingresos no tributarios,Otros ingresos no tributarios,6811482753
76001,Cali,Municipio,Valle del Cauca,2024,Ingresos no tributarios,Otros ingresos no tributarios,528882511
76001,Cali,Municipio,Valle del Cauca,2024,Ingresos no tributarios,Otros ingresos no tributarios,5317247800
76001,Cali,Municipio,Valle del Cauca,2024,Ingresos no tributarios,Otros ingresos no tributarios,1328442766
76001,Cali,Municipio,Valle del Cauca,2024,Ingresos no tributarios,Otros ingresos no tributarios,53709574
76001,Cali,Municipio,Valle del Cauca,2024,Ingresos no tributarios,Otros ingresos no tributarios,64393406
76001,Cali,Municipio,Valle del Cauca,2024,Ingresos no tributarios,Otros ingresos no tributarios,650439
76001,Cali,Municipio,Valle del Cauca,2024,Ingresos no tributarios,Otros ingresos no tributarios,1502868588
76001,Cali,Municipio,Valle del Cauca,2024,Ingresos no tributarios,Otros ingresos no tributarios,99268500
76001,Cali,Municipio,Valle del Cauca,2024,Ingresos no tributarios,Otros ingresos no tributarios,15180491
76001,Cali,Municipio,Valle del Cauca,2024,Sistema general de participaciones,Sistema general de participaciones,920449686277
76001,Cali,Municipio,Valle del Cauca,2024,Sistema general de participaciones,Sistema general de participaciones,11421291264
76001,Cali,Municipio,Valle del Cauca,2024,Sistema general de participaciones,Sistema general de participaciones,13535526079
76001,Cali,Municipio,Valle del Cauca,2024,Sistema general de participaciones,Sistema general de participaciones,487132583270
76001,Cali,Municipio,Valle del Cauca,2024,Sistema general de participaciones,Sistema general de participaciones,28731208719
76001,Cali,Municipio,Valle del Cauca,2024,Sistema general de participaciones,Sistema general de participaciones,1163545114
76001,Cali,Municipio,Valle del Cauca,2024,Sistema general de participaciones,Sistema general de participaciones,9065458592
76001,Cali,Municipio,Valle del Cauca,2024,Sistema general de participaciones,Sistema general de participaciones,29372000
76001,Cali,Municipio,Valle del Cauca,2024,Sistema general de participaciones,Sistema general de participaciones,6821122933
76001,Cali,Municipio,Valle del Cauca,2024,Sistema general de participaciones,Sistema general de participaciones,83524802567
76001,Cali,Municipio,Valle del Cauca,2024,Sistema general de participaciones,Sistema general de participaciones,2876088013
76001,Cali,Municipio,Valle del Cauca,2024,Sistema general de participaciones,Sistema general de participaciones,2979677353
76001,Cali,Municipio,Valle del Cauca,2024,Sistema general de participaciones,Sistema general de participaciones,5034896478
76001,Cali,Municipio,Valle del Cauca,2024,Sistema general de participaciones,Sistema general de participaciones,16645956188
76001,Cali,Municipio,Valle del Cauca,2024,Sistema general de participaciones,Sistema general de participaciones,5924667992
76001,Cali,Municipio,Valle del Cauca,2024,Sistema general de participaciones,Sistema general de participaciones,3546212494
76001,Cali,Municipio,Valle del Cauca,2024,Ingresos no tributarios,Otros ingresos no tributarios,48466372461
76001,Cali,Municipio,Valle del Cauca,2024,Ingresos no tributarios,Otros ingresos no tributarios,2334990824
76001,Cali,Municipio,Valle del Cauca,2024,Ingresos no tributarios,Otros ingresos no tributarios,57185253
76001,Cali,Municipio,Valle del Cauca,2024,Ingresos no tributarios,Otros ingresos no tributarios,9484528000
76001,Cali,Municipio,Valle del Cauca,2024,Ingresos no tributarios,Otros ingresos no tributarios,399374913
76001,Cali,Municipio,Valle del Cauca,2024,Ingresos no tributarios,Otros ingresos no tributarios,171480734
76001,Cali,Municipio,Valle del Cauca,2024,Ingresos no tributarios,Otros ingresos no tributarios,482166600
76001,Cali,Municipio,Valle del Cauca,2024,Ingresos no tributarios,Otros ingresos no tributarios,488609065
76001,Cali,Municipio,Valle del Cauca,2024,Ingresos no tributarios,Otros ingresos no tributarios,9678981340
76001,Cali,Municipio,Valle del Cauca,2024,Ingresos no tributarios,Recursos del sistema de seguridad social integral,14438549583
76001,Cali,Municipio,Valle del Cauca,2024,Ingresos no tributarios,Recursos del sistema de seguridad social integral,1002786089163
76001,Cali,Municipio,Valle del Cauca,2024,Ingresos no tributarios,Recursos del sistema de seguridad social integral,3486335801
76001,Cali,Municipio,Valle del Cauca,2024,Ingresos no tributarios,Otros ingresos no tributarios,76066741
76001,Cali,Municipio,Valle del Cauca,2024,Ingresos no tributarios,Otros ingresos no tributarios,3803470025
76001,Cali,Municipio,Valle del Cauca,2024,Ingresos no tributarios,Otros ingresos no tributarios,859682413
76001,Cali,Municipio,Valle del Cauca,2024,Ingresos no tributarios,Otros ingresos no tributarios,25453401626
76001,Cali,Municipio,Valle del Cauca,2024,Ingresos no tributarios,Otros ingresos no tributarios,3690870025
76001,Cali,Municipio,Valle del Cauca,2024,Recursos de capital,Otros recursos de capital,1482923503
76001,Cali,Municipio,Valle del Cauca,2024,Recursos de capital,Dividendos y utilidades por otras inversiones de capital,1279522805
76001,Cali,Municipio,Valle del Cauca,2024,Recursos de capital,Dividendos y utilidades por otras inversiones de capital,732030490
76001,Cali,Municipio,Valle del Cauca,2024,Recursos de capital,Otros recursos de capital,336812278
76001,Cali,Municipio,Valle del Cauca,2024,Recursos de capital,Otros recursos de capital,1123667575
76001,Cali,Municipio,Valle del Cauca,2024,Recursos de capital,Otros recursos de capital,336812280
76001,Cali,Municipio,Valle del Cauca,2024,Recursos de capital,Otros recursos de capital,159300446
76001,Cali,Municipio,Valle del Cauca,2024,Recursos de capital,Otros recursos de capital,1810960994
76001,Cali,Municipio,Valle del Cauca,2024,Recursos de capital,Otros recursos de capital,213941914
76001,Cali,Municipio,Valle del Cauca,2024,Recursos de capital,Otros recursos de capital,1898752929
76001,Cali,Municipio,Valle del Cauca,2024,Recursos de capital,Otros recursos de capital,126541500
76001,Cali,Municipio,Valle del Cauca,2024,Recursos de capital,Otros recursos de capital,32800000
76001,Cali,Municipio,Valle del Cauca,2024,Recursos de capital,Otros recursos de capital,974271835
76001,Cali,Municipio,Valle del Cauca,2024,Recursos de capital,Otros recursos de capital,152970445216
76001,Cali,Municipio,Valle del Cauca,2024,Recursos de capital,Otros recursos de capital,2784554589
76001,Cali,Municipio,Valle del Cauca,2024,Recursos de capital,Otros recursos de capital,624379
76001,Cali,Municipio,Valle del Cauca,2024,Recursos de capital,Otros recursos de capital,85321901
76001,Cali,Municipio,Valle del Cauca,2024,Recursos de capital,Otros recursos de capital,3718151400
76001,Cali,Municipio,Valle del Cauca,2024,Recursos de capital,Otros recursos de capital,4923548982
76001,Cali,Municipio,Valle del Cauca,2024,Recursos de capital,Otros recursos de capital,4876018550
76001,Cali,Municipio,Valle del Cauca,2024,Recursos de capital,Otros recursos de capital,1040463723
76001,Cali,Municipio,Valle del Cauca,2024,Recursos de capital,Otros recursos de capital,366397852
76001,Cali,Municipio,Valle del Cauca,2024,Recursos de capital,Otros recursos de capital,5232825256
76001,Cali,Municipio,Valle del Cauca,2024,Recursos de capital,Otros recursos de capital,18164255
76001,Cali,Municipio,Valle del Cauca,2024,Recursos de capital,Otros recursos de capital,1005890426
76001,Cali,Municipio,Valle del Cauca,2024,Recursos de capital,Recursos de crédito,13257304842
76001,Cali,Municipio,Valle del Cauca,2024,Recursos de capital,Otros recursos de capital,3935271173
76001,Cali,Municipio,Valle del Cauca,2024,Recursos de capital,Otros recursos de capital,4894567737
76001,Cali,Municipio,Valle del Cauca,2024,Recursos de capital,Otros recursos de capital,15000000
76001,Cali,Municipio,Valle del Cauca,2024,Recursos de capital,Otros recursos de capital,564561266
76001,Cali,Municipio,Valle del Cauca,2024,Recursos de capital,Otros recursos de capital,3433828421
76001,Cali,Municipio,Valle del Cauca,2024,Recursos de capital,Recursos del balance,4091832090
76001,Cali,Municipio,Valle del Cauca,2024,Recursos de capital,Recursos del balance,2658923726
76001,Cali,Municipio,Valle del Cauca,2024,Recursos de capital,Recursos del balance,306015606
76001,Cali,Municipio,Valle del Cauca,2024,Recursos de capital,Recursos del balance,945069935
76001,Cali,Municipio,Valle del Cauca,2024,Recursos de capital,Recursos del balance,2268297021
76001,Cali,Municipio,Valle del Cauca,2024,Recursos de capital,Recursos del balance,176445682
76001,Cali,Municipio,Valle del Cauca,2024,Recursos de capital,Recursos del balance,88331461
76001,Cali,Municipio,Valle del Cauca,2024,Recursos de capital,Recursos del balance,3480196038
76001,Cali,Municipio,Valle del Cauca,2024,Recursos de capital,Recursos del balance,6218240392
76001,Cali,Municipio,Valle del Cauca,2024,Recursos de capital,Recursos del balance,648686144
76001,Cali,Municipio,Valle del Cauca,2024,Recursos de capital,Recursos del balance,37022346377
76001,Cali,Municipio,Valle del Cauca,2024,Recursos de capital,Recursos del balance,12400491821
76001,Cali,Municipio,Valle del Cauca,2024,Recursos de capital,Recursos del balance,1419310648
76001,Cali,Municipio,Valle del Cauca,2024,Recursos de capital,Recursos del balance,54365120
76001,Cali,Municipio,Valle del Cauca,2024,Recursos de capital,Recursos del balance,9592866125
76001,Cali,Municipio,Valle del Cauca,2024,Recursos de capital,Recursos del balance,270217364545
76001,Cali,Municipio,Valle del Cauca,2024,Recursos de capital,Recursos del balance,4913231091
76001,Cali,Municipio,Valle del Cauca,2024,Recursos de capital,Recursos del balance,16784000
76001,Cali,Municipio,Valle del Cauca,2024,Recursos de capital,Recursos del balance,289168474
76001,Cali,Municipio,Valle del Cauca,2024,Recursos de capital,Recursos del balance,18539075176
76001,Cali,Municipio,Valle del Cauca,2024,Recursos de capital,Recursos del balance,13891743
76001,Cali,Municipio,Valle del Cauca,2024,Recursos de capital,Recursos del balance,6148645077
76001,Cali,Municipio,Valle del Cauca,2024,Recursos de capital,Recursos del balance,918607548
76001,Cali,Municipio,Valle del Cauca,2024,Recursos de capital,Recursos del balance,680623005
76001,Cali,Municipio,Valle del Cauca,2024,Recursos de capital,Recursos del balance,13176992772
76001,Cali,Municipio,Valle del Cauca,2024,Recursos de capital,Recursos del balance,35949361
76001,Cali,Municipio,Valle del Cauca,2024,Recursos de capital,Recursos del balance,5129302055
76001,Cali,Municipio,Valle del Cauca,2024,Recursos de capital,Recursos del balance,62659486542
76001,Cali,Municipio,Valle del Cauca,2024,Recursos de capital,Recursos del balance,5042331911
76001,Cali,Municipio,Valle del Cauca,2024,Recursos de capital,Recursos del balance,72368898742
76001,Cali,Municipio,Valle del Cauca,2024,Recursos de capital,Recursos del balance,8071752440
76001,Cali,Municipio,Valle del Cauca,2024,Recursos de capital,Recursos del balance,6025943707
76001,Cali,Municipio,Valle del Cauca,2024,Recursos de capital,Recursos del balance,2361788000
76001,Cali,Municipio,Valle del Cauca,2024,Recursos de capital,Recursos del balance,89941026
76001,Cali,Municipio,Valle del Cauca,2024,Recursos de capital,Recursos del balance,123640627566
76001,Cali,Municipio,Valle del Cauca,2024,Recursos de capital,Recursos del balance,2505289869
76001,Cali,Municipio,Valle del Cauca,2024,Recursos de capital,Recursos del balance,58926974
76001,Cali,Municipio,Valle del Cauca,2024,Recursos de capital,Recursos del balance,66252709438
76001,Cali,Municipio,Valle del Cauca,2024,Recursos de capital,Recursos del balance,2817275953
76001,Cali,Municipio,Valle del Cauca,2024,Recursos de capital,Recursos del balance,9286939881
76001,Cali,Municipio,Valle del Cauca,2024,Recursos de capital,Recursos del balance,411613924
76001,Cali,Municipio,Valle del Cauca,2024,Recursos de capital,Recursos del balance,493448400
76001,Cali,Municipio,Valle del Cauca,2024,Recursos de capital,Recursos del balance,581530000
76001,Cali,Municipio,Valle del Cauca,2024,Recursos de capital,Recursos del balance,1210665000
76001,Cali,Municipio,Valle del Cauca,2024,Recursos de capital,Recursos del balance,14865220167
76001,Cali,Municipio,Valle del Cauca,2024,Recursos de capital,Recursos del balance,170109538
76001,Cali,Municipio,Valle del Cauca,2024,Recursos de capital,Recursos del balance,5877126040
76001,Cali,Municipio,Valle del Cauca,2024,Recursos de capital,Recursos del balance,309888136
76001,Cali,Municipio,Valle del Cauca,2024,Recursos de capital,Recursos del balance,9289010798
76001,Cali,Municipio,Valle del Cauca,2024,Recursos de capital,Recursos del balance,2447111993
76001,Cali,Municipio,Valle del Cauca,2024,Recursos de capital,Recursos del balance,6315848051
76001,Cali,Municipio,Valle del Cauca,2024,Recursos de capital,Recursos del balance,87322091791
76001,Cali,Municipio,Valle del Cauca,2024,Recursos de capital,Recursos del balance,2425247235
76001,Cali,Municipio,Valle del Cauca,2024,Recursos de capital,Recursos del balance,3259439494
76001,Cali,Municipio,Valle del Cauca,2024,Recursos de capital,Recursos del balance,20720808284
76001,Cali,Municipio,Valle del Cauca,2024,Recursos de capital,Recursos del balance,1910247176
76001,Cali,Municipio,Valle del Cauca,2024,Recursos de capital,Recursos del balance,5182480788
76001,Cali,Municipio,Valle del Cauca,2024,Recursos de capital,Recursos del balance,5693605413
76001,Cali,Municipio,Valle del Cauca,2024,Recursos de capital,Recursos del balance,262155921
76001,Cali,Municipio,Valle del Cauca,2024,Recursos de capital,Recursos del balance,1726789767
76001,Cali,Municipio,Valle del Cauca,2024,Recursos de capital,Recursos del balance,629232024
76001,Cali,Municipio,Valle del Cauca,2024,Recursos de capital,Recursos del balance,5349646724
76001,Cali,Municipio,Valle del Cauca,2024,Recursos de capital,Recursos del balance,2553448834
76001,Cali,Municipio,Valle del Cauca,2024,Recursos de capital,Recursos del balance,2207452496
76001,Cali,Municipio,Valle del Cauca,2024,Recursos de capital,Recursos del balance,3005412014
76001,Cali,Municipio,Valle del Cauca,2024,Recursos de capital,Recursos del balance,391471325
76001,Cali,Municipio,Valle del Cauca,2024,Recursos de capital,Recursos del balance,2714979421
76001,Cali,Municipio,Valle del Cauca,2024,Recursos de capital,Recursos del balance,61155407
76001,Cali,Municipio,Valle del Cauca,2024,Recursos de capital,Recursos del balance,1956564716
76001,Cali,Municipio,Valle del Cauca,2024,Recursos de capital,Recursos del balance,829542627
76001,Cali,Municipio,Valle del Cauca,2024,Recursos de capital,Recursos del balance,3218722757
76001,Cali,Municipio,Valle del Cauca,2024,Recursos de capital,Otros recursos de capital,50432055588
76001,Cali,Municipio,Valle del Cauca,2024,Recursos de capital,Otros recursos de capital,967358066
76001,Cali,Municipio,Valle del Cauca,2024,Recursos de capital,Otros recursos de capital,8139480671
76001,Cali,Municipio,Valle del Cauca,2024,Recursos de capital,Otros recursos de capital,568028343
